Date,Description,Debit,Credit,Balance
05/01/2024,SALARY-CREDIT,0.00,"95,000.00","215,000.00"
08/01/2024,UPI-BIGBASKET-GROCERY,"3,000.00",0.00,"212,000.00"
11/01/2024,UPI-SWIGGY-FOOD,"2,500.00",0.00,"209,500.00"
14/01/2024,ELECTRICITY-BILL-NEFT,"1,500.00",0.00,"208,000.00"
15/01/2024,HOUSE-RENT-NEFT,"18,000.00",0.00,"190,000.00"
18/01/2024,OLA-CAB-RIDE,"1,200.00",0.00,"188,800.00"
22/01/2024,SIP-HDFC-MUTUALFUND,"5,000.00",0.00,"183,800.00"
05/02/2024,SALARY-CREDIT,0.00,"95,000.00","278,800.00"
08/02/2024,UPI-BIGBASKET-GROCERY,"3,000.00",0.00,"275,800.00"
11/02/2024,UPI-SWIGGY-FOOD,"2,500.00",0.00,"273,300.00"
14/02/2024,ELECTRICITY-BILL-NEFT,"1,500.00",0.00,"271,800.00"
15/02/2024,HOUSE-RENT-NEFT,"18,000.00",0.00,"253,800.00"
18/02/2024,OLA-CAB-RIDE,"1,200.00",0.00,"252,600.00"
22/02/2024,SIP-HDFC-MUTUALFUND,"5,000.00",0.00,"247,600.00"
05/03/2024,SALARY-CREDIT,0.00,"95,000.00","342,600.00"
08/03/2024,UPI-BIGBASKET-GROCERY,"3,000.00",0.00,"339,600.00"
11/03/2024,UPI-SWIGGY-FOOD,"2,500.00",0.00,"337,100.00"
14/03/2024,ELECTRICITY-BILL-NEFT,"1,500.00",0.00,"335,600.00"
15/03/2024,HOUSE-RENT-NEFT,"18,000.00",0.00,"317,600.00"
18/03/2024,OLA-CAB-RIDE,"1,200.00",0.00,"316,400.00"
22/03/2024,SIP-HDFC-MUTUALFUND,"5,000.00",0.00,"311,400.00"
05/04/2024,SALARY-CREDIT,0.00,"95,000.00","406,400.00"
08/04/2024,UPI-BIGBASKET-GROCERY,"3,000.00",0.00,"403,400.00"
11/04/2024,UPI-SWIGGY-FOOD,"2,500.00",0.00,"400,900.00"
14/04/2024,ELECTRICITY-BILL-NEFT,"1,500.00",0.00,"399,400.00"
15/04/2024,HOUSE-RENT-NEFT,"18,000.00",0.00,"381,400.00"
18/04/2024,OLA-CAB-RIDE,"1,200.00",0.00,"380,200.00"
22/04/2024,SIP-HDFC-MUTUALFUND,"5,000.00",0.00,"375,200.00"
05/05/2024,SALARY-CREDIT,0.00,"95,000.00","470,200.00"
08/05/2024,UPI-BIGBASKET-GROCERY,"3,000.00",0.00,"467,200.00"
11/05/2024,UPI-SWIGGY-FOOD,"2,500.00",0.00,"464,700.00"
14/05/2024,ELECTRICITY-BILL-NEFT,"1,500.00",0.00,"463,200.00"
15/05/2024,HOUSE-RENT-NEFT,"18,000.00",0.00,"445,200.00"
18/05/2024,OLA-CAB-RIDE,"1,200.00",0.00,"444,000.00"
22/05/2024,SIP-HDFC-MUTUALFUND,"5,000.00",0.00,"439,000.00"
05/06/2024,SALARY-CREDIT,0.00,"95,000.00","534,000.00"
08/06/2024,UPI-BIGBASKET-GROCERY,"3,000.00",0.00,"531,000.00"
11/06/2024,UPI-SWIGGY-FOOD,"2,500.00",0.00,"528,500.00"
14/06/2024,ELECTRICITY-BILL-NEFT,"1,500.00",0.00,"527,000.00"
15/06/2024,HOUSE-RENT-NEFT,"18,000.00",0.00,"509,000.00"
18/06/2024,OLA-CAB-RIDE,"1,200.00",0.00,"507,800.00"
22/06/2024,SIP-HDFC-MUTUALFUND,"5,000.00",0.00,"502,800.00"
05/07/2024,SALARY-CREDIT,0.00,"95,000.00","597,800.00"
08/07/2024,UPI-BIGBASKET-GROCERY,"3,000.00",0.00,"594,800.00"
11/07/2024,UPI-SWIGGY-FOOD,"2,500.00",0.00,"592,300.00"
14/07/2024,ELECTRICITY-BILL-NEFT,"1,500.00",0.00,"590,800.00"
15/07/2024,HOUSE-RENT-NEFT,"18,000.00",0.00,"572,800.00"
18/07/2024,OLA-CAB-RIDE,"1,200.00",0.00,"571,600.00"
22/07/2024,SIP-HDFC-MUTUALFUND,"5,000.00",0.00,"566,600.00"
05/08/2024,SALARY-CREDIT,0.00,"95,000.00","661,600.00"
08/08/2024,UPI-BIGBASKET-GROCERY,"3,000.00",0.00,"658,600.00"
11/08/2024,UPI-SWIGGY-FOOD,"2,500.00",0.00,"656,100.00"
14/08/2024,ELECTRICITY-BILL-NEFT,"1,500.00",0.00,"654,600.00"
15/08/2024,HOUSE-RENT-NEFT,"18,000.00",0.00,"636,600.00"
18/08/2024,OLA-CAB-RIDE,"1,200.00",0.00,"635,400.00"
22/08/2024,SIP-HDFC-MUTUALFUND,"5,000.00",0.00,"630,400.00"
05/09/2024,SALARY-CREDIT,0.00,"95,000.00","725,400.00"
08/09/2024,UPI-BIGBASKET-GROCERY,"3,000.00",0.00,"722,400.00"
11/09/2024,UPI-SWIGGY-FOOD,"2,500.00",0.00,"719,900.00"
14/09/2024,ELECTRICITY-BILL-NEFT,"1,500.00",0.00,"718,400.00"
15/09/2024,HOUSE-RENT-NEFT,"18,000.00",0.00,"700,400.00"
18/09/2024,OLA-CAB-RIDE,"1,200.00",0.00,"699,200.00"
22/09/2024,SIP-HDFC-MUTUALFUND,"5,000.00",0.00,"694,200.00"
05/10/2024,SALARY-CREDIT,0.00,"95,000.00","789,200.00"
08/10/2024,UPI-BIGBASKET-GROCERY,"3,000.00",0.00,"786,200.00"
11/10/2024,UPI-SWIGGY-FOOD,"2,500.00",0.00,"783,700.00"
14/10/2024,ELECTRICITY-BILL-NEFT,"1,500.00",0.00,"782,200.00"
15/10/2024,HOUSE-RENT-NEFT,"18,000.00",0.00,"764,200.00"
18/10/2024,OLA-CAB-RIDE,"1,200.00",0.00,"763,000.00"
22/10/2024,SIP-HDFC-MUTUALFUND,"5,000.00",0.00,"758,000.00"
05/11/2024,SALARY-CREDIT,0.00,"95,000.00","853,000.00"
08/11/2024,UPI-BIGBASKET-GROCERY,"3,000.00",0.00,"850,000.00"
11/11/2024,UPI-SWIGGY-FOOD,"2,500.00",0.00,"847,500.00"
14/11/2024,ELECTRICITY-BILL-NEFT,"1,500.00",0.00,"846,000.00"
15/11/2024,HOUSE-RENT-NEFT,"18,000.00",0.00,"828,000.00"
18/11/2024,OLA-CAB-RIDE,"1,200.00",0.00,"826,800.00"
22/11/2024,SIP-HDFC-MUTUALFUND,"5,000.00",0.00,"821,800.00"
05/12/2024,SALARY-CREDIT,0.00,"95,000.00","916,800.00"
08/12/2024,UPI-BIGBASKET-GROCERY,"3,000.00",0.00,"913,800.00"
11/12/2024,UPI-SWIGGY-FOOD,"2,500.00",0.00,"911,300.00"
14/12/2024,ELECTRICITY-BILL-NEFT,"1,500.00",0.00,"909,800.00"
15/12/2024,HOUSE-RENT-NEFT,"18,000.00",0.00,"891,800.00"
18/12/2024,OLA-CAB-RIDE,"1,200.00",0.00,"890,600.00"
22/12/2024,SIP-HDFC-MUTUALFUND,"5,000.00",0.00,"885,600.00"
